<?xml version="1.0" encoding="UTF-8" ?>

<routes xmlns="http://symfony.com/schema/routing"
    xmlns:xsi="http://www.w3.org/2001/XMLSchema-instance"
    xsi:schemaLocation="http://symfony.com/schema/routing https://symfony.com/schema/routing/routing-1.0.xsd">

    <route id="_profiler_home" path="/">
        <default key="_controller">web_profiler.controller.profiler::homeAction</default>
    </route>

    <route id="_profiler_search" path="/search">
        <default key="_controller">web_profiler.controller.profiler::searchAction</default>
    </route>

    <route id="_profiler_search_bar" path="/search_bar">
        <default key="_controller">web_profiler.controller.profiler::searchBarAction</default>
    </route>

    <route id="_profiler_phpinfo" path="/phpinfo">
        <default key="_controller">web_profiler.controller.profiler::phpinfoAction</default>
    </route>

    <route id="_profiler_search_results" path="/{token}/search/results">
        <default key="_controller">web_profiler.controller.profiler::searchResultsAction</default>
    </route>

    <route id="_profiler_open_file" path="/open">
        <default key="_controller">web_profiler.controller.profiler::openAction</default>
    </route>

    <route id="_profiler" path="/{token}">
        <default key="_controller">web_profiler.controller.profiler::panelAction</default>
    </route>

    <route id="_profiler_router" path="/{token}/router">
        <default key="_controller">web_profiler.controller.router::panelAction</default>
    </route>

    <route id="_profiler_exception" path="/{token}/exception">
        <default key="_controller">web_profiler.controller.exception::showAction</default>
    </route>

    <route id="_profiler_exception_css" path="/{token}/exception.css">
        <default key="_controller">web_profiler.controller.exception::cssAction</default>
    </route>

</routes>
