<?xml version="1.0" ?>

<container xmlns="http://symfony.com/schema/dic/services"
           xmlns:xsi="http://www.w3.org/2001/XMLSchema-instance"
           xsi:schemaLocation="http://symfony.com/schema/dic/services http://symfony.com/schema/dic/services/services-1.0.xsd">

    <services>
        <service id="fos_http_cache.user_context.hash_generator" class="FOS\HttpCache\UserContext\DefaultHashGenerator">
        </service>

        <service id="fos_http_cache.user_context.request_matcher" class="FOS\HttpCacheBundle\UserContext\RequestMatcher">
            <argument />
            <argument />
        </service>

        <service id="fos_http_cache.event_listener.user_context" class="FOS\HttpCacheBundle\EventListener\UserContextListener">
            <argument type="service" id="fos_http_cache.user_context.request_matcher" />
            <argument type="service" id="fos_http_cache.user_context.hash_generator" />
            <argument type="service" id="fos_http_cache.user_context.anonymous_request_matcher" />
            <argument type="service" id="fos_http_cache.http.symfony_response_tagger" on-invalid="ignore" />
            <argument>%fos_http_cache.event_listener.user_context.options%</argument>
            <tag name="kernel.event_subscriber" />
        </service>

        <service id="fos_http_cache.user_context.role_provider" class="FOS\HttpCacheBundle\UserContext\RoleProvider" abstract="true">
            <argument type="service" id="security.token_storage" on-invalid="ignore" />
        </service>

        <service id="fos_http_cache.user_context_invalidator" class="FOS\HttpCacheBundle\UserContextInvalidator">
            <argument type="service" id="fos_http_cache.default_proxy_client" />
        </service>

        <service id="fos_http_cache.user_context.logout_handler" class="FOS\HttpCacheBundle\Security\Http\Logout\ContextInvalidationLogoutHandler" public="false">
            <argument type="service" id="fos_http_cache.user_context_invalidator" />
            <deprecated>The "%service_id%" service is deprecated since 2.2 and will be removed in 3.0.</deprecated>
        </service>

        <service id="fos_http_cache.user_context.session_logout_handler" class="FOS\HttpCacheBundle\Security\Http\Logout\ContextInvalidationSessionLogoutHandler" public="false">
            <argument type="service" id="fos_http_cache.user_context_invalidator" />
        </service>

        <service id="fos_http_cache.user_context.session_listener" class="FOS\HttpCacheBundle\EventListener\SessionListener" decorates="session_listener" public="false">
            <argument type="service" id="fos_http_cache.user_context.session_listener.inner" />
            <argument /> <!-- set by extension -->
            <argument /> <!-- set by extension -->
        </service>

        <service id="fos_http_cache.user_context.anonymous_request_matcher" class="FOS\HttpCache\UserContext\AnonymousRequestMatcher">
            <argument type="collection" />
        </service>
    </services>
</container>
