<?xml version="1.0" ?>

<container xmlns="http://symfony.com/schema/dic/services"
    xmlns:xsi="http://www.w3.org/2001/XMLSchema-instance"
    xsi:schemaLocation="http://symfony.com/schema/dic/services http://symfony.com/schema/dic/services/services-1.0.xsd">

    <parameters>
        <parameter key="lexik_maintenance.driver.database.class">Lexik\Bundle\MaintenanceBundle\Drivers\DatabaseDriver</parameter>
    </parameters>
    
    <services>        
       <service id="lexik_maintenance.driver.database" class="%lexik_maintenance.driver.database.class%" public="false">
           <argument type="service" id="doctrine" on-invalid="ignore" />
       </service> 
    </services>
</container>
