<?xml version="1.0"?>
<ruleset name="Enum coding standard">
    <description>Enum coding standard</description>

    <!-- display progress -->
    <arg value="p"/>
    <arg name="colors"/>
    <arg name="parallel" value="75"/>

    <!-- inherit rules from: -->
    <rule ref="PSR2"/>
    <rule ref="Squiz.Strings.DoubleQuoteUsage"/>
    <rule ref="Generic.PHP.DisallowShortOpenTag"/>
    <rule ref="Generic.Arrays.DisallowLongArraySyntax"/>
    <rule ref="Generic.Formatting.SpaceAfterNot"/>
    <rule ref="Squiz.WhiteSpace.OperatorSpacing">
        <properties>
            <property name="ignoreNewlines" value="true"/>
        </properties>
    </rule>
    <rule ref="Squiz.WhiteSpace.SuperfluousWhitespace">
        <properties>
            <property name="ignoreBlankLines" value="false"/>
        </properties>
    </rule>

    <!-- Paths to check -->
    <file>src</file>
    <file>test</file>
</ruleset>
